<?xml version="1.0" encoding="utf-8"?><shortcuts>
	<shortcut>
		<defaultID>20342</defaultID>
		<label>קיר סרטים</label>
		<label2>Movie Hub Shortcut</label2>
		<icon>special://skin/extras/icons/film.png</icon>
		<thumb>special://profile/addon_data/script.skinshortcuts/skin.eminence.zeev-thumb-20342.png</thumb>
		<action>ActivateWindow(Videos,MovieTitles,return)</action>
	</shortcut>
	<shortcut>
		<defaultID/>
		<label>סרטי תלת מימד</label>
		<label2>הרחבת וידאו</label2>
		<icon>DefaultShortcut.png</icon>
		<thumb>special://profile/addon_data/script.skinshortcuts/skin.eminence.zeev-thumb-סרטי תלת מימד.png</thumb>
		<action>ActivateWindow(10025,&quot;plugin://plugin.video.sbs3d/?action=all&amp;title=&amp;filename=Play.mkv&amp;url=&amp;thumbnail=C%3A%5CUsers%5CZEEV%5CAppData%5CRoaming%5CKodi%5Caddons%5Cplugin.video.sbs3d%5Cresources%5Cimages%5Call_movies.png&amp;extra=&quot;,return)</action>
	</shortcut>
	<shortcut>
		<defaultID/>
		<label>סרטי גנסיס </label>
		<label2>הרחבת וידאו</label2>
		<icon>DefaultShortcut.png</icon>
		<thumb>special://profile/addon_data/script.skinshortcuts/skin.eminence.zeev-thumb-סרטי גנסיס.png</thumb>
		<action>ActivateWindow(10025,&quot;plugin://plugin.video.genesis/?action=movies&amp;url=popular&quot;,return)</action>
	</shortcut>
	<shortcut>
		<defaultID>plugin.video.pulsar</defaultID>
		<label>סרטי פולסר</label>
		<label2>הרחבת וידאו</label2>
		<icon>DefaultShortcut.png</icon>
		<thumb>special://profile/addon_data/script.skinshortcuts/skin.eminence.zeev-thumb-plugin.video.pulsar.png</thumb>
		<action>ActivateWindow(10025,&quot;plugin://plugin.video.pulsar&quot;,return)</action>
	</shortcut>
	<shortcut>
		<defaultID/>
		<label>סרטי SALTS</label>
		<label2>הרחבת וידאו</label2>
		<icon>DefaultShortcut.png</icon>
		<thumb>special://profile/addon_data/script.skinshortcuts/skin.eminence.zeev-thumb-סרטי SALTS.png</thumb>
		<action>ActivateWindow(10025,&quot;plugin://plugin.video.salts/?section=Movies&amp;mode=popular&quot;,return)</action>
	</shortcut>
	<shortcut>
		<defaultID/>
		<label>חיפוש ג׳נסיס</label>
		<label2>הרחבת וידאו</label2>
		<icon>DefaultShortcut.png</icon>
		<thumb>special://profile/addon_data/script.skinshortcuts/skin.eminence.zeev-thumb-חיפוש ג׳נסיס.png</thumb>
		<action>ActivateWindow(10025,&quot;plugin://plugin.video.genesis/?action=movieSearch&quot;,return)</action>
	</shortcut>
	<shortcut>
		<defaultID>137</defaultID>
		<label>חיפוש בקיר</label>
		<label2>Movie Hub Shortcut</label2>
		<icon>special://skin/extras/icons/search.png</icon>
		<thumb/>
		<action>RunScript(script.globalsearch,tvshows=true&amp;episodes=true&amp;movies=true)</action>
	</shortcut>
	<shortcut>
		<defaultID>31100</defaultID>
		<label>$SKIN[31100|skin.eminence.zeev|נוספו לאחרונה]</label>
		<label2>Movie Hub Shortcut</label2>
		<icon>special://skin/extras/icons/recentlyadded.png</icon>
		<thumb/>
		<action>ActivateWindow(Videos,RecentlyAddedMovies,return)</action>
	</shortcut>
	<shortcut>
		<defaultID>31101</defaultID>
		<label>$SKIN[31101|skin.eminence.zeev|פרטים]</label>
		<label2>Movie Hub Shortcut</label2>
		<icon>special://skin/extras/icons/recent.png</icon>
		<thumb/>
		<action>ActivateWindow(Videos,C:\Users\ZEEV\AppData\Roaming\Kodi\addons\skin.eminence.zeev\extras/playlists/RecentMovies.xsp,return)</action>
	</shortcut>
	<shortcut>
		<defaultID>31102</defaultID>
		<label>$SKIN[31102|skin.eminence.zeev|Youtube]</label>
		<label2>Movie Hub Shortcut</label2>
		<icon>special://skin/extras/icons/signpost.png</icon>
		<thumb/>
		<action>PlayMedia(C:\Users\ZEEV\AppData\Roaming\Kodi\addons\skin.eminence.zeev\extras/playlists/RandomMovies.xsp)</action>
	</shortcut>
	<shortcut>
		<defaultID>135</defaultID>
		<label>135</label>
		<label2>Movie Hub Shortcut</label2>
		<icon>special://skin/extras/icons/genre.png</icon>
		<thumb/>
		<action>ActivateWindow(Videos,MovieGenres,return)</action>
	</shortcut>
	<shortcut>
		<defaultID>20348</defaultID>
		<label>20348</label>
		<label2>Movie Hub Shortcut</label2>
		<icon>special://skin/extras/icons/director.png</icon>
		<thumb/>
		<action>ActivateWindow(Videos,MovieDirectors,return)</action>
	</shortcut>
	<shortcut>
		<defaultID>344</defaultID>
		<label>344</label>
		<label2>Movie Hub Shortcut</label2>
		<icon>special://skin/extras/icons/actor.png</icon>
		<thumb/>
		<action>ActivateWindow(Videos,MovieActors,return)</action>
	</shortcut>
	<shortcut>
		<defaultID>20434</defaultID>
		<label>20434</label>
		<label2>Movie Hub Shortcut</label2>
		<icon>special://skin/extras/icons/year.png</icon>
		<thumb/>
		<action>ActivateWindow(Videos,MovieSets,return)</action>
	</shortcut>
	<shortcut>
		<defaultID>136</defaultID>
		<label>136</label>
		<label2>Movie Hub Shortcut</label2>
		<icon>special://skin/extras/icons/playlist.png</icon>
		<thumb/>
		<action>ActivateWindow(videos,special://videoplaylists/,return)</action>
	</shortcut>
	<shortcut>
		<defaultID>1214</defaultID>
		<label>1214</label>
		<label2>Movie Hub Shortcut</label2>
		<icon>special://skin/extras/icons/files.png</icon>
		<thumb/>
		<action>ActivateWindow(Videos,Files,return)</action>
	</shortcut>
	<shortcut>
		<defaultID>24001</defaultID>
		<label>24001</label>
		<label2>Movie Hub Shortcut</label2>
		<icon>special://skin/extras/icons/addons.png</icon>
		<thumb/>
		<action>ActivateWindow(videos,addons://sources/video/,return)</action>
	</shortcut>
	<shortcut>
		<defaultID>653</defaultID>
		<label>653</label>
		<label2>Movie Hub Shortcut</label2>
		<icon>special://skin/extras/icons/update.png</icon>
		<thumb/>
		<action>UpdateLibrary(video)</action>
	</shortcut>
</shortcuts>