<?xml version="1.0" encoding="utf-8"?><shortcuts>
	<shortcut>
		<defaultID/>
		<label>סרטים אקסודוס</label>
		<label2>הרחבת וידאו</label2>
		<icon>DefaultShortcut.png</icon>
		<thumb>image://C%3a%5cUsers%5cElad%5cAppData%5cRoaming%5cKodi%5caddons%5cscript.exodus.artwork%5cresources%5cmedia%5cexodus%5cmovies.png/</thumb>
		<action>ActivateWindow(VideoLibrary,&quot;plugin://plugin.video.exodus/?action=movieNavigator&quot;,return)</action>
	</shortcut>
	<shortcut>
		<defaultID/>
		<label>סרטים סולטס</label>
		<label2>הרחבת וידאו</label2>
		<icon>DefaultShortcut.png</icon>
		<thumb>image://C%3a%5cUsers%5cHtpc_BeBox%5cAppData%5cRoaming%5cKodi%5caddons%5cscript.salts.themepak%5cart%5cthemes%5cShine%5cmovies.png/</thumb>
		<action>ActivateWindow(VideoLibrary,&quot;plugin://plugin.video.salts/?section=Movies&amp;mode=browse&quot;,return)</action>
	</shortcut>
	<shortcut>
		<defaultID>plugin.video.quasar/movies/</defaultID>
		<label>סרטים קיוסר</label>
		<label2>הרחבת וידאו</label2>
		<icon>DefaultShortcut.png</icon>
		<thumb>image://C%3a%5cUsers%5cElad%5cAppData%5cRoaming%5cKodi%5caddons%5cplugin.video.quasar%5cresources%5cimg%5cmovies.png/</thumb>
		<action>ActivateWindow(VideoLibrary,&quot;plugin://plugin.video.quasar/movies/&quot;,return)</action>
	</shortcut>
	<shortcut>
		<defaultID>plugin.video.kmediatorrent/kat/movies</defaultID>
		<label>סרטים קיי-מדיה</label>
		<label2>הרחבת וידאו</label2>
		<icon>DefaultShortcut.png</icon>
		<thumb>image://C%3a%5cUsers%5cHtpc_BeBox%5cAppData%5cRoaming%5cKodi%5caddons%5cplugin.video.kmediatorrent%5cicon.png/</thumb>
		<action>ActivateWindow(VideoLibrary,&quot;plugin://plugin.video.kmediatorrent/kat/movies&quot;,return)</action>
	</shortcut>
	<shortcut>
		<defaultID>20342</defaultID>
		<label>20342</label>
		<label2>Movie Hub Shortcut</label2>
		<icon>special://skin/extras/icons/film.png</icon>
		<thumb/>
		<action>ActivateWindow(Videos,MovieTitles,return)</action>
	</shortcut>
	<shortcut>
		<defaultID>31100</defaultID>
		<label>$SKIN[31100|skin.eminence.zeev|נוספו לאחרונה]</label>
		<label2>Movie Hub Shortcut</label2>
		<icon>special://skin/extras/icons/recentlyadded.png</icon>
		<thumb/>
		<action>ActivateWindow(Videos,RecentlyAddedMovies,return)</action>
	</shortcut>
	<shortcut>
		<defaultID>135</defaultID>
		<label>135</label>
		<label2>Movie Hub Shortcut</label2>
		<icon>special://skin/extras/icons/genre.png</icon>
		<thumb/>
		<action>ActivateWindow(Videos,MovieGenres,return)</action>
	</shortcut>
	<shortcut>
		<defaultID>137</defaultID>
		<label>חיפוש בקיר</label>
		<label2>Movie Hub Shortcut</label2>
		<icon>special://skin/extras/icons/search.png</icon>
		<thumb/>
		<action>RunScript(script.globalsearch,tvshows=true&amp;episodes=true&amp;movies=true)</action>
	</shortcut>
</shortcuts>