<?xml version="1.0" encoding="utf-8"?><shortcuts>
	<shortcut>
		<defaultID>7</defaultID>
		<label>7</label>
		<label2>Common Shortcut</label2>
		<icon>DefaultFolder.png</icon>
		<thumb/>
		<action>ActivateWindow(FileManager)</action>
	</shortcut>
	<shortcut>
		<defaultID>13200</defaultID>
		<label>13200</label>
		<label2>Common Shortcut</label2>
		<icon>special://skin/extras/icons/actor.png</icon>
		<thumb/>
		<action>ActivateWindow(Profiles)</action>
	</shortcut>
	<shortcut>
		<defaultID>10007</defaultID>
		<label>10007</label>
		<label2>Common Shortcut</label2>
		<icon>special://skin/extras/icons/sysinfo.png</icon>
		<thumb/>
		<action>ActivateWindow(SystemInfo)</action>
	</shortcut>
	<shortcut>
		<defaultID>script.rawmaintenance</defaultID>
		<label>מחיקת קבצי מטמון</label>
		<label2>Custom shortcut</label2>
		<icon>DefaultShortcut.png</icon>
		<thumb>image://C%3a%5cUsers%5cElad%5cAppData%5cRoaming%5cKodi%5caddons%5cscript.rawmaintenance%5cicon.png/</thumb>
		<action>ActivateWindow(10001,&quot;plugin://script.rawmaintenance/?url=url&amp;mode=5&amp;name=Maintenance&quot;,return)</action>
	</shortcut>
	<shortcut>
		<defaultID>script.logviewer</defaultID>
		<label>הצג יומן שגיאות (LOG)</label>
		<label2>תוכנה</label2>
		<icon>DefaultShortcut.png</icon>
		<thumb>image://C%3a%5cUsers%5cElad%5cAppData%5cRoaming%5cKodi%5caddons%5cscript.logviewer%5cicon.png/</thumb>
		<action>ActivateWindow(10001,&quot;plugin://script.logviewer&quot;,return)</action>
	</shortcut>
	<shortcut>
		<defaultID>script.xbmc.debug.log</defaultID>
		<label>שלח יומן שגיאות (LOG)</label>
		<label2>תוכנה</label2>
		<icon>DefaultAddon.png</icon>
		<thumb>image://C%3a%5cUsers%5cElad%5cAppData%5cRoaming%5cKodi%5caddons%5cscript.xbmc.debug.log%5cicon.png/</thumb>
		<action>RunAddOn(script.xbmc.debug.log)</action>
	</shortcut>
</shortcuts>