<?xml version="1.0" encoding="utf-8"?><shortcuts>
	<shortcut>
		<defaultID/>
		<label>סדרות אקסודוס</label>
		<label2>הרחבת וידאו</label2>
		<icon>DefaultShortcut.png</icon>
		<thumb>image://C%3a%5cUsers%5cElad%5cAppData%5cRoaming%5cKodi%5caddons%5cscript.exodus.artwork%5cresources%5cmedia%5cexodus%5ctvshows.png/</thumb>
		<action>ActivateWindow(VideoLibrary,&quot;plugin://plugin.video.exodus/?action=tvNavigator&quot;,return)</action>
	</shortcut>
	<shortcut>
		<defaultID/>
		<label>סדרות סולטס</label>
		<label2>הרחבת וידאו</label2>
		<icon>DefaultShortcut.png</icon>
		<thumb>image://C%3a%5cUsers%5cHtpc_BeBox%5cAppData%5cRoaming%5cKodi%5caddons%5cscript.salts.themepak%5cart%5cthemes%5cShine%5ctelevision.png/</thumb>
		<action>ActivateWindow(VideoLibrary,&quot;plugin://plugin.video.salts/?section=TV&amp;mode=browse&quot;,return)</action>
	</shortcut>
	<shortcut>
		<defaultID>plugin.video.quasar/shows/</defaultID>
		<label>סדרות קיוסר</label>
		<label2>הרחבת וידאו</label2>
		<icon>DefaultShortcut.png</icon>
		<thumb>image://C%3a%5cUsers%5cElad%5cAppData%5cRoaming%5cKodi%5caddons%5cplugin.video.quasar%5cresources%5cimg%5ctv.png/</thumb>
		<action>ActivateWindow(VideoLibrary,&quot;plugin://plugin.video.quasar/shows/&quot;,return)</action>
	</shortcut>
	<shortcut>
		<defaultID/>
		<label>סדרות קיי-מדיה</label>
		<label2>הרחבת וידאו</label2>
		<icon>DefaultShortcut.png</icon>
		<thumb>image://C%3a%5cUsers%5cHtpc_BeBox%5cAppData%5cRoaming%5cKodi%5caddons%5cplugin.video.kmediatorrent%5cicon.png/</thumb>
		<action>ActivateWindow(VideoLibrary,&quot;plugin://plugin.video.kmediatorrent/kat/series?sort_field=seeders&amp;sort_order=desc&quot;,return)</action>
	</shortcut>
	<shortcut>
		<defaultID>plugin.video.sdarot.tv</defaultID>
		<label>Sdarot.tv</label>
		<label2>הרחבת וידאו</label2>
		<icon>DefaultShortcut.png</icon>
		<thumb>image://C%3a%5cUsers%5cProjactor%5cAppData%5cRoaming%5cKodi%5caddons%5cplugin.video.sdarot.tv%5cicon.png/</thumb>
		<action>ActivateWindow(10025,&quot;plugin://plugin.video.sdarot.tv&quot;,return)</action>
	</shortcut>
</shortcuts>